id,nombre,calorias,grasas,sodio,carbohidratos,proteinas
1,lenteja,116,0.400000,2,20,9
2,arroz,345,2.900000,7,77,8
3,polenta,358,79.800003,10,56,9
4,carne,143,51.700001,9,35,7
5,pollo,239,41.900002,8,29,8
6,leche,42,53.599998,6,33,9
7,Papa,34,0.800000,34,54,12
