id,nombre,horasTrabajadas,sueldo
1,Lou,120,10000.000000
2,Ulrike,180,25000.000000
3,Brade,325,20000.000000
4,Kimbell,120,50000.000000
5,Sheelagh,220,18000.000000
6,Gayle,120,30000.000000
7,Kimberlee,60,33000.000000
8,Henrieta,90,30000.000000
9,Jeanine,325,18000.000000
10,Aggie,75,15000.000000
